,sepal.length,sepal.width,petal.length,petal.width
count,150.0,150.0,150.0,150.0
mean,5.843333333333335,3.057333333333334,3.7580000000000027,1.199333333333334
std,0.8280661279778629,0.435866284936698,1.7652982332594667,0.7622376689603465
min,4.3,2.0,1.0,0.1
25%,5.1,2.8,1.6,0.3
50%,5.8,3.0,4.35,1.3
75%,6.4,3.3,5.1,1.8
max,7.9,4.4,6.9,2.5
